ProductID,ProductName,Category,Brand,UnitPrice
51d4b851-e95c-41db-a37f-e6218851dc98,Sony Electronics Item 1,Electronics,Sony,7974.33
f8169aed-e224-46ae-ad90-0b0c9b8cb5c3,Pull&Bear Fashion Item 2,Fashion,Pull&Bear,2723.71
86a72a31-6558-420a-94b1-9bcba3ecd44c,Hasbro Toys Item 3,Toys,Hasbro,761.64
7b3ad94f-207b-46af-9184-bbc71d37d0ad,LG Appliances Item 4,Appliances,LG,6489.89
5d1d67ef-236f-4d65-9bbf-69793c3d8b16,Toshiba Appliances Item 5,Appliances,Toshiba,5851.12
b33e7b4a-9410-4bb1-8bd8-5f0fc65c43e3,Nike Sports Item 6,Sports,Nike,6000.0
898b8e95-dc31-4b72-9971-63c28e7af7b3,Nestle Grocery Item 7,Grocery,Nestle,199.21
9c6dbe06-fa7b-46f6-8fea-94389e8ff270,OUP Books Item 8,Books,OUP,497.96
752323fe-0695-4128-854d-b5ed827c10b6,Zara Fashion Item 9,Fashion,Zara,1536.38
f4a12d47-6292-4100-8c33-5da75e93449b,PepsiCo Grocery Item 10,Grocery,PepsiCo,353.04
6c65bf10-a049-445c-8ad4-965569c11620,Sharp Appliances Item 11,Appliances,Sharp,20000.0
22c4d342-c35c-4f46-9120-ab9597fc75f9,Adidas Sports Item 12,Sports,Adidas,1758.29
96c53926-e8a2-481f-b6b2-9b792f67bd9e,Kraft Heinz Grocery Item 13,Grocery,Kraft Heinz,194.51
ea33b352-f816-4751-9476-3433834172b6,Lenovo Electronics Item 14,Electronics,Lenovo,8974.42
72160ad7-16ea-4bfb-8f3a-16af374ebd0a,Pull&Bear Fashion Item 15,Fashion,Pull&Bear,1950.71
784be93a-84be-44c0-b577-42a394c38e8c,Maybelline Beauty Item 16,Beauty,Maybelline,1019.95
4d9d7df9-6b12-4c3e-b0ef-43ae3d1ce0f8,Pull&Bear Fashion Item 17,Fashion,Pull&Bear,1519.61
faf1862d-2927-4b9a-bfd0-714ee304eb84,Maybelline Beauty Item 18,Beauty,Maybelline,793.37
0eff6d8d-7596-4bf2-a33c-3a36dfd8665f,Reebok Sports Item 19,Sports,Reebok,1422.34
c29ff593-09d0-4efb-af57-6abe77cf56d3,Lenovo Electronics Item 20,Electronics,Lenovo,20200.49
52d76cc1-e57b-4376-9499-434cdf86db96,Mattel Toys Item 21,Toys,Mattel,2327.3
c9cf44ac-4dbf-4807-9361-afe4483e2d04,Mattel Toys Item 22,Toys,Mattel,1705.45
a36698df-90f4-4013-943c-303e979ae0ef,Staedtler Stationery Item 23,Stationery,Staedtler,253.31
fd4ada39-dd2a-4e16-840a-0adb76009e0c,BIC Stationery Item 24,Stationery,BIC,368.81
5fad63e9-8a37-4c46-acc5-ed116f3c8fed,Mango Fashion Item 25,Fashion,Mango,2543.54
067d7706-e360-4170-a6bb-6a2dc0c7bed5,LG Appliances Item 26,Appliances,LG,9749.76
9bcca7f9-2e48-4e50-8205-e30752595179,Bandai Toys Item 27,Toys,Bandai,1840.29
f0e6fdc0-e4c4-4ab1-a750-3daad290ce13,HomePro Home Item 28,Home,HomePro,2839.19
49b8b9f2-2a0e-4995-b931-402d3f102ea7,L'Oreal Beauty Item 29,Beauty,L'Oreal,420.84
b59d9805-0ab0-444b-9794-015106f35adf,Panasonic Appliances Item 30,Appliances,Panasonic,18409.2
fdcc0724-8d55-44b2-8615-d11964ede16d,Pilot Stationery Item 31,Stationery,Pilot,244.57
3724451c-0128-4249-9952-4f65ad50e673,EZLiving Home Item 32,Home,EZLiving,5000.0
aeb4f78c-cfe6-4c9c-b0fb-f7a539c498af,Xiaomi Electronics Item 33,Electronics,Xiaomi,30000.0
95a1f979-87fc-461d-80a0-6ca32876b9c4,Philips Appliances Item 34,Appliances,Philips,15823.26
d37d3663-e252-4455-874d-decd5cacec3f,Pull&Bear Fashion Item 35,Fashion,Pull&Bear,1680.21
be7ccbc1-b70e-4b50-a9d1-4d62d2bdefce,H&M Fashion Item 36,Fashion,H&M,792.28
bcb76664-7df1-44e9-9bc3-f2a60af92055,PepsiCo Grocery Item 37,Grocery,PepsiCo,241.17
38683975-7ebb-4db3-93e0-12c6246cee31,Nike Sports Item 38,Sports,Nike,6000.0
4fd5d968-e240-4bbf-bb59-2070b085f89c,Maybelline Beauty Item 39,Beauty,Maybelline,465.63
6e166992-3584-4239-9827-c18663e19a53,Lego Toys Item 40,Toys,Lego,1417.05
8294e82c-9a87-4382-8c8b-841ff1e3820e,Pull&Bear Fashion Item 41,Fashion,Pull&Bear,3075.29
5098b62e-73d2-49c4-92a0-15c7c01347e6,Lego Toys Item 42,Toys,Lego,2346.39
0be4ca8a-b075-43f4-bb70-d2928928d98d,KAP Books Item 43,Books,KAP,754.51
81fa1339-9f74-4109-ba8b-cad597aa7954,KAP Books Item 44,Books,KAP,866.7
af81b922-c9d1-4054-9491-0da670380f03,Zara Fashion Item 45,Fashion,Zara,2720.08
d921c907-e5fc-40a5-97ca-f0b9423563e8,Penguin Books Item 46,Books,Penguin,549.51
d562b4bb-8731-438c-93d8-d8dc9709ae43,Mattel Toys Item 47,Toys,Mattel,2883.06
4e034e7f-e3a0-42bd-b385-403ff8f7b523,H&M Fashion Item 48,Fashion,H&M,1962.97
817b4037-eda2-4841-aaab-31734481ae5a,KAP Books Item 49,Books,KAP,858.37
abde7e99-b4ef-4f7f-a860-c98b5e7c9499,OUP Books Item 50,Books,OUP,436.97
7176b645-6ef4-42f2-bda8-63d1ea83d142,Reebok Sports Item 51,Sports,Reebok,2559.01
1514a039-23bc-4577-85fd-b534c962f848,Jotun Home Item 52,Home,Jotun,2438.83
e876e4ce-91ef-4df4-89ed-e80c4ed48c51,Zara Fashion Item 53,Fashion,Zara,3089.63
d1e10b0c-c78b-47ea-b605-7e8fe62cff89,Panasonic Appliances Item 54,Appliances,Panasonic,9891.21
538d75d9-6d91-4ee2-8945-27ff815cfbf3,Panasonic Appliances Item 55,Appliances,Panasonic,16312.86
2169c37a-3d93-4c83-a4e2-e4708455bb28,Mango Fashion Item 56,Fashion,Mango,1537.13
98f99c23-884d-45a3-a360-2c6d4aa18a20,Kraft Heinz Grocery Item 57,Grocery,Kraft Heinz,255.9
21447f94-4e4c-4ea6-bf6d-1d8bf5c0dda5,Mango Fashion Item 58,Fashion,Mango,2441.41
c505e4cf-2f56-4646-af70-008ee04ad8f1,Reebok Sports Item 59,Sports,Reebok,4153.93
1018daff-c8a8-4391-974e-f1be7eed8cb0,Adidas Sports Item 60,Sports,Adidas,4533.46
61422104-0e3b-4a52-8583-031ea8c911e9,Puma Sports Item 61,Sports,Puma,4330.91
5a684bfd-a326-4ff1-86eb-aff66d4df839,HomePro Home Item 62,Home,HomePro,5000.0
2f85c780-ce50-4710-b2eb-ea3effc4c597,Pull&Bear Fashion Item 63,Fashion,Pull&Bear,1508.06
7005e825-04ad-4919-aeb6-03336c7b7828,Garnier Beauty Item 64,Beauty,Garnier,1064.61
359b1cb6-ff8d-454a-9459-e57d0bf8877b,Pull&Bear Fashion Item 65,Fashion,Pull&Bear,2771.44
f722b8d3-1080-4879-a742-33d0cc0ea321,EZLiving Home Item 66,Home,EZLiving,1340.12
507eae58-60d9-4ffe-8462-2f58414cab00,Puma Sports Item 67,Sports,Puma,3030.4
ad3a3899-b64a-4870-b0d5-e91d7ac5c4a9,Penguin Books Item 68,Books,Penguin,941.14
434d43ba-c79b-4e26-92ee-12311433d56d,EZLiving Home Item 69,Home,EZLiving,1452.43
779fd594-e81b-45cb-9795-fc42df59fa19,Nivea Beauty Item 70,Beauty,Nivea,192.89
ea3e95fc-cae9-43ab-a680-2ff3d993d7dd,Puma Sports Item 71,Sports,Puma,3438.41
29c678bc-e61a-4a60-b302-08836c100c9c,OUP Books Item 72,Books,OUP,1099.69
7f0c66c5-bf0b-43f5-8196-85d23a70c223,Sony Electronics Item 73,Electronics,Sony,30000.0
49dbbdd6-350d-4054-a419-7dac52578f5d,Coca-Cola Grocery Item 74,Grocery,Coca-Cola,247.36
181e5cab-5b2e-4ad2-80d3-76ff071c3cf3,IKEA Home Item 75,Home,IKEA,1644.95
2c0efa6b-c63c-4231-b187-6f5f04ce906a,OUP Books Item 76,Books,OUP,621.48
a433a0dd-7fcc-460b-98d7-7e6d5d62de98,EZLiving Home Item 77,Home,EZLiving,2992.61
39673bf9-f291-4051-916a-34540f783bd3,Nivea Beauty Item 78,Beauty,Nivea,634.09
d216705d-f4e6-4565-9ca4-69988e414bfe,LG Appliances Item 79,Appliances,LG,8432.85
95546bfe-e65d-4c91-ba94-f043984ce490,Zara Fashion Item 80,Fashion,Zara,1448.01
72c36fa7-cb3c-4af9-b69a-1a4c3b5ef771,Staedtler Stationery Item 81,Stationery,Staedtler,800.0
8460e6bd-ca51-4cb4-8a7e-7ccbf8abe3f5,Penguin Books Item 82,Books,Penguin,686.26
4c52732b-b9ec-4288-94d4-b21c0c5f6ced,Bandai Toys Item 83,Toys,Bandai,1828.94
061773d9-6e04-4fcc-a199-0315ebb848d4,EZLiving Home Item 84,Home,EZLiving,2118.9
aa32e1cb-3fba-4c5a-929d-04633739e2d1,Lenovo Electronics Item 85,Electronics,Lenovo,30000.0
6da38d9f-503a-498e-99fe-69fe9b605751,HarperCollins Books Item 86,Books,HarperCollins,272.36
7b667be7-d28f-4191-a085-279f0cbd79f5,Faber-Castell Stationery Item 87,Stationery,Faber-Castell,426.49
24f01a6d-ed5f-4624-9047-9a18a31a4d11,PepsiCo Grocery Item 88,Grocery,PepsiCo,199.25
ac783ae2-c02e-430b-9d37-d7ec836c6344,Garnier Beauty Item 89,Beauty,Garnier,788.11
03b598b5-59ce-4579-a3d5-05fcdb2ce7aa,EZLiving Home Item 90,Home,EZLiving,953.12
f3c376c1-00c4-43ec-8440-e080e12ef678,Pilot Stationery Item 91,Stationery,Pilot,528.1
6224cadf-3224-4811-8c2e-bc967ce16921,Maybelline Beauty Item 92,Beauty,Maybelline,717.68
025fbea7-68fe-441e-b61f-fa9a280e4bcd,Lego Toys Item 93,Toys,Lego,1736.15
5946bc84-47a6-48f0-9da1-b7294a378c02,KAP Books Item 94,Books,KAP,905.9
40881985-5866-45a6-86ea-41983e93b422,Reebok Sports Item 95,Sports,Reebok,4886.64
e6b360ff-c060-49c1-a811-7bde757e4757,Coca-Cola Grocery Item 96,Grocery,Coca-Cola,210.99
12f28c67-2856-4515-8351-181d8694822d,Adidas Sports Item 97,Sports,Adidas,2751.52
e2f56b73-72be-4706-ba6c-d512ec03d952,Toshiba Appliances Item 98,Appliances,Toshiba,20000.0
f76889f9-c17c-4f0e-8f4f-01cdaccf2f81,PepsiCo Grocery Item 99,Grocery,PepsiCo,368.88
d56f8ae4-d3b0-4e9c-aee1-34b81f6be710,OUP Books Item 100,Books,OUP,289.49
5fd5c0f1-1112-46f3-b298-0313318aa5b3,Bandai Toys Item 101,Toys,Bandai,800.7
2ac1191b-7e20-47f5-9849-c340c943dbc3,L'Oreal Beauty Item 102,Beauty,L'Oreal,1500.0
1ca3f679-869c-4512-a466-798d44a0dd23,HomePro Home Item 103,Home,HomePro,1778.34
d7a07709-69ea-4907-8b30-13b5f0de4e42,Mattel Toys Item 104,Toys,Mattel,1267.9
14e8da4b-01bd-4332-b07f-fd963781f6a4,Garnier Beauty Item 105,Beauty,Garnier,1280.1
1f2fb263-3635-40cb-9a57-ee0c90e35cba,Nivea Beauty Item 106,Beauty,Nivea,1500.0
8cdbfac5-f306-42da-8355-cfbff3e2be41,Xiaomi Electronics Item 107,Electronics,Xiaomi,30000.0
8e34d7e7-764a-4040-8275-a2fa40cfdaf9,PepsiCo Grocery Item 108,Grocery,PepsiCo,383.76
cc47153c-322f-4674-8f9d-d92617c829ce,Nivea Beauty Item 109,Beauty,Nivea,1186.17
63636310-eb00-4ce5-befe-51297046553b,EZLiving Home Item 110,Home,EZLiving,1739.37
a3076902-ab0a-4f7b-9c45-c8c5541d8048,HomePro Home Item 111,Home,HomePro,3237.33
3b4ec89f-15e2-41b3-b996-11d23cd07bc4,Puma Sports Item 112,Sports,Puma,4882.32
e281832e-8cac-4c75-838a-3cc8f989b6a5,Bandai Toys Item 113,Toys,Bandai,3500.0
6f891654-e9c0-4aef-9846-b4e7abc7de1b,Toshiba Appliances Item 114,Appliances,Toshiba,14760.71
dc4dbf14-26e3-44aa-92a8-9a051320d705,EZLiving Home Item 115,Home,EZLiving,5000.0
77b84cc3-2848-4e8e-8c6c-e47e1d1fb1af,Zara Fashion Item 116,Fashion,Zara,2267.8
2efc8a43-90ba-4399-89d2-04d7487b9259,Mattel Toys Item 117,Toys,Mattel,3500.0
bb87f38e-cecc-4148-86ab-a7a904f5a82e,Staedtler Stationery Item 118,Stationery,Staedtler,189.64
a6559bf7-f9dc-44d2-983d-1c5857725ebd,Penguin Books Item 119,Books,Penguin,308.06
5458570e-5c4f-4870-99a8-5de6d627bc73,Lenovo Electronics Item 120,Electronics,Lenovo,30000.0
0af2597c-98e9-471a-a1ee-36456a2abe8e,Puma Sports Item 121,Sports,Puma,2085.17
5f69601e-8fea-44fd-a656-713faac3a68c,H&M Fashion Item 122,Fashion,H&M,936.97
4090107b-1828-4bef-9d86-fc5eaad77072,Xiaomi Electronics Item 123,Electronics,Xiaomi,26826.04
3d9d8f34-749e-4e80-856b-060ecd5af1f2,KAP Books Item 124,Books,KAP,844.66
d338a2d5-5689-42ee-beac-de08941766bd,Jotun Home Item 125,Home,Jotun,3951.33
d8c39a14-1d6a-41ad-927d-c886dbb04723,Mango Fashion Item 126,Fashion,Mango,683.39
c6dfa821-6179-468c-b101-09b4cee3bb7e,Maybelline Beauty Item 127,Beauty,Maybelline,372.48
529fccf1-1fae-43c0-b5df-9ce56cbd8a5a,Coca-Cola Grocery Item 128,Grocery,Coca-Cola,230.96
cd3772ad-05ca-4dae-b51a-bd2772e4404e,Philips Appliances Item 129,Appliances,Philips,17872.98
631c9fc2-6033-4dce-9118-005231da8a75,Nike Sports Item 130,Sports,Nike,4911.21
9d28dc4b-58a9-4111-ba5f-d1cfa5133f7a,BIC Stationery Item 131,Stationery,BIC,243.37
db161e26-077d-42dc-8cc3-50b90fd6597d,Toshiba Appliances Item 132,Appliances,Toshiba,20000.0
60e79609-7c56-4e53-b5ea-da954775de3b,Lenovo Electronics Item 133,Electronics,Lenovo,17316.56
9040a06c-16c3-4bcc-81a8-5ca6e582974e,BIC Stationery Item 134,Stationery,BIC,144.52
c4d4067f-72fd-460b-8fa9-c8ff2eaa7015,Pull&Bear Fashion Item 135,Fashion,Pull&Bear,3758.64
f20cc9a2-a779-4c74-99aa-8ddfce3600e9,Huawei Electronics Item 136,Electronics,Huawei,30000.0
f831415e-01ff-4f9c-bd96-0e3cff742342,Adidas Sports Item 137,Sports,Adidas,2003.68
b67943e7-aec2-46f8-a3a4-d4a7cb65ba4a,Mango Fashion Item 138,Fashion,Mango,1973.93
34e306c0-05b4-4f55-a3ff-321f83781555,Nike Sports Item 139,Sports,Nike,6000.0
11c0a32f-1390-4319-8c09-3affecb8eb4b,Lego Toys Item 140,Toys,Lego,1574.51
c7df861e-5903-401b-b0c1-08f31d35d383,Mango Fashion Item 141,Fashion,Mango,1494.61
2801003e-026b-4531-a4d8-836ce523cf49,IKEA Home Item 142,Home,IKEA,1523.75
537bb21d-86fe-4e69-9ead-898d2de026ea,Panasonic Appliances Item 143,Appliances,Panasonic,5386.44
bee3143f-a79e-4eb5-8d58-dfdc223c4ab0,Adidas Sports Item 144,Sports,Adidas,2826.93
948b085e-c8a1-4c2a-8e36-f1e5d37b6b20,Penguin Books Item 145,Books,Penguin,993.57
aae0084a-b074-45c1-b8fa-338eb12490e2,LG Appliances Item 146,Appliances,LG,10559.54
f28a29ed-7063-4577-ac1e-4e3ae7a35a9a,HomePro Home Item 147,Home,HomePro,3405.2
4afca35b-7d02-446d-80b6-83ab5567efb6,Reebok Sports Item 148,Sports,Reebok,6000.0
7b691a9e-f250-42ec-8a6a-fbef80720dd5,Sharp Appliances Item 149,Appliances,Sharp,5207.5
e2ba07cf-ad67-40c6-839f-d4a024fa3f2d,Penguin Books Item 150,Books,Penguin,325.51
e4f30761-ecbf-48ad-bc43-19d1cdd548c9,Samsung Electronics Item 151,Electronics,Samsung,11056.02
527ac532-d3c4-4dba-9b33-e5c1c59041cd,LG Appliances Item 152,Appliances,LG,20000.0
ea325170-2af4-48af-b6c8-baa956ffc707,Pull&Bear Fashion Item 153,Fashion,Pull&Bear,1506.2
51cd131d-31f6-4cea-b965-fb2bcefb0795,Nivea Beauty Item 154,Beauty,Nivea,265.71
4dccbbb1-4513-43f6-8c48-f4949431167f,HomePro Home Item 155,Home,HomePro,5000.0
34ca163b-e7ad-442a-a46a-a960f98f9fa9,Nestle Grocery Item 156,Grocery,Nestle,198.8
1e4c76b2-aaa7-4a79-9b6a-60ce802a6827,Reebok Sports Item 157,Sports,Reebok,4013.76
1c3b555c-0e34-4f23-b606-a1505a66a188,L'Oreal Beauty Item 158,Beauty,L'Oreal,584.76
59155b86-7cc1-4810-b9c6-f08472a59546,Coca-Cola Grocery Item 159,Grocery,Coca-Cola,78.47
0fbd6fb5-797e-44b9-93ed-19ff8f361ec4,EZLiving Home Item 160,Home,EZLiving,3498.05
875d263b-c4c0-452b-af34-5beb65f397d9,Garnier Beauty Item 161,Beauty,Garnier,892.5
02175524-af70-49ce-aa90-0230d7c7615f,Mattel Toys Item 162,Toys,Mattel,3500.0
6119d378-63c2-4b3f-955e-e7e59dff4817,HarperCollins Books Item 163,Books,HarperCollins,471.77
8bd7cb7c-7403-4992-a486-56f8cb5fa6e0,Maybelline Beauty Item 164,Beauty,Maybelline,1292.75
09706e82-62ac-436f-bc8e-bbcba55b75d6,Coca-Cola Grocery Item 165,Grocery,Coca-Cola,287.05
daab8a44-9870-4487-b2c5-996e2135081c,Mango Fashion Item 166,Fashion,Mango,1109.58
fd9aa237-d498-4e76-a499-f0bdfe13eac6,Garnier Beauty Item 167,Beauty,Garnier,1500.0
bee81671-9e7d-4c4e-8a11-f4b45257c550,Faber-Castell Stationery Item 168,Stationery,Faber-Castell,219.2
382237fc-c73d-4e91-a2aa-f1f3746dae38,Jotun Home Item 169,Home,Jotun,2021.23
84d7dc07-e4ac-4054-a82c-8decf1ecb4ca,Puma Sports Item 170,Sports,Puma,6000.0
e18a52cb-59d2-459f-8ba9-db9a3efd4c47,Jotun Home Item 171,Home,Jotun,1752.78
30502977-fc60-464c-8510-7963d14066cc,IKEA Home Item 172,Home,IKEA,3877.6
1ba53fbd-155a-42fd-a43e-a95e7731d180,Jotun Home Item 173,Home,Jotun,3235.73
fa47f44a-6776-4fce-ab8a-b7db97458b54,Maybelline Beauty Item 174,Beauty,Maybelline,466.86
c922c479-f066-40c6-b668-dce22dbcc3a3,Apple Electronics Item 175,Electronics,Apple,24932.15
c0b082a9-6918-407d-9873-0513056b43b7,Nike Sports Item 176,Sports,Nike,4607.79
80ccfe2a-66cb-4a04-ab38-8d6cefc2c6f3,H&M Fashion Item 177,Fashion,H&M,2595.78
cc667a98-0fae-45d3-b60d-1d76eae18a3c,Faber-Castell Stationery Item 178,Stationery,Faber-Castell,800.0
a913141b-b315-4331-a4d9-9505fb60d644,HomePro Home Item 179,Home,HomePro,4677.24
186f6c2f-c499-4347-9f75-c499994d3067,Garnier Beauty Item 180,Beauty,Garnier,403.48
e1db80ca-4df9-42c8-81af-7c340264736b,OUP Books Item 181,Books,OUP,758.97
fde6ded0-c7c9-4fa1-989b-2d69d6ad777a,Adidas Sports Item 182,Sports,Adidas,6000.0
cfc4a65f-aa74-4281-9833-cebe4d1e7320,BIC Stationery Item 183,Stationery,BIC,438.11
90084489-35ca-4b6c-822c-aeca95988280,Lego Toys Item 184,Toys,Lego,2049.5
ca781ff6-b53f-43aa-9b0e-290fd7791729,Panasonic Appliances Item 185,Appliances,Panasonic,5354.44
675d03b7-3295-4fb6-880b-9acb06550c02,OUP Books Item 186,Books,OUP,809.13
ed5199d3-b636-4a80-9308-15f7fcec7855,Hasbro Toys Item 187,Toys,Hasbro,897.88
15bba9e7-c0a9-4ed1-9aa4-1401d63620eb,Apple Electronics Item 188,Electronics,Apple,17577.93
e2c3649e-4fbe-412f-b9c8-402f728be268,Pull&Bear Fashion Item 189,Fashion,Pull&Bear,1321.99
02763a6d-2d78-490f-bcae-50e5d6590401,Reebok Sports Item 190,Sports,Reebok,1345.4
6c9526ea-dc46-45fa-9e5c-dbde850c1a60,IKEA Home Item 191,Home,IKEA,2007.02
baaa3ae5-5667-4d2b-a699-9ce80e7ceea3,IKEA Home Item 192,Home,IKEA,2514.94
642c644d-4d6c-4571-9e18-a7e845d84bd8,Staedtler Stationery Item 193,Stationery,Staedtler,358.69
a6844f6e-f193-40e9-aacf-0a8f8f37b884,Reebok Sports Item 194,Sports,Reebok,5252.63
01f00c79-d746-4a0c-b45e-d43aeae11d36,Bandai Toys Item 195,Toys,Bandai,741.8
d55cb2fd-c36e-4401-a389-5bb36fe6c18e,Toshiba Appliances Item 196,Appliances,Toshiba,20000.0
90034f7f-675d-4335-913e-3686a32ee4d4,Nike Sports Item 197,Sports,Nike,2747.32
910fac19-fe30-4ba0-84d2-426750669c0e,Kraft Heinz Grocery Item 198,Grocery,Kraft Heinz,131.22
2861a930-8429-4b15-a053-d9b2cff4ad03,Coca-Cola Grocery Item 199,Grocery,Coca-Cola,163.08
d477d216-7a66-4e71-91f0-33d75abc317c,HarperCollins Books Item 200,Books,HarperCollins,612.87
74ad5ea5-a473-425b-aa2f-53b9250ffcd6,Coca-Cola Grocery Item 201,Grocery,Coca-Cola,74.15
f9b3ff0d-319d-4bc6-aa80-2e5cfe3c3538,Mango Fashion Item 202,Fashion,Mango,4000.0
26a01fd4-9dc3-4a0f-ba1f-ff8c7c31299c,Philips Appliances Item 203,Appliances,Philips,7369.04
85bbc217-0f61-4153-8ecf-37b99dff8275,Pull&Bear Fashion Item 204,Fashion,Pull&Bear,2014.93
841c6214-ff81-4b2f-bcaa-3b43b77c885d,LG Appliances Item 205,Appliances,LG,11008.56
5b1ddf4f-4b06-479e-b3a9-d68ef32bc8e4,KAP Books Item 206,Books,KAP,404.96
16752c2f-3b38-4ab6-82f9-63e00b9aae6b,Hasbro Toys Item 207,Toys,Hasbro,1516.65
609b6d60-4ae1-40aa-b561-59556accaa14,Bandai Toys Item 208,Toys,Bandai,1392.14
84a0534d-c527-4b05-8475-34d112379792,Nivea Beauty Item 209,Beauty,Nivea,370.39
a1f99f4d-465a-4c88-9e7d-59d6e9a85fcb,H&M Fashion Item 210,Fashion,H&M,1396.78
660de2e0-9636-467d-b02f-cb893fd191ff,PepsiCo Grocery Item 211,Grocery,PepsiCo,60.12
92b46552-374a-4b86-9168-c53d85fc7ed9,KAP Books Item 212,Books,KAP,795.91
6ef901fa-e094-4c1e-9ce1-f0a21bb33053,Huawei Electronics Item 213,Electronics,Huawei,7985.58
0bd3fdab-5ee0-428f-b692-a91652a8de96,PepsiCo Grocery Item 214,Grocery,PepsiCo,380.04
2dffc716-a896-403c-bd1b-e84a5aeb951b,H&M Fashion Item 215,Fashion,H&M,1253.85
87b67804-b08f-47b3-b2ff-7cf7d591ca73,Zara Fashion Item 216,Fashion,Zara,2575.83
189bebd5-1c54-4cce-9e41-6be05bfc59ca,Adidas Sports Item 217,Sports,Adidas,4915.9
51476128-c2be-4438-bece-4523f706e8a4,IKEA Home Item 218,Home,IKEA,938.74
433aab1e-5571-495e-bb79-0a0d7d33cd36,Nestle Grocery Item 219,Grocery,Nestle,74.56
02bd77fe-48d6-469d-8c89-6e9630f9ab88,BIC Stationery Item 220,Stationery,BIC,391.43
85f7cece-cbbd-40fc-bf8f-201728f041fc,Hasbro Toys Item 221,Toys,Hasbro,1177.78
4859630e-0192-419c-b37a-bb956dda8dc8,Nivea Beauty Item 222,Beauty,Nivea,363.54
30b1745e-75ce-4882-9cc4-5d91a699529b,L'Oreal Beauty Item 223,Beauty,L'Oreal,1088.19
07e2918a-1bad-4a39-a44f-641a7381af3a,Apple Electronics Item 224,Electronics,Apple,23719.45
485c1ecd-9370-4b6c-bd1c-f19abb57f3cb,LG Appliances Item 225,Appliances,LG,3480.24
764b4c74-098d-47ab-b168-cf52790ce35b,Jotun Home Item 226,Home,Jotun,2439.2
7be53396-d374-4d2e-a78f-df9dcc6e9e73,Pilot Stationery Item 227,Stationery,Pilot,169.01
827ff162-f3da-4152-bfc7-bc09b6c2dd85,OUP Books Item 228,Books,OUP,431.26
458113fe-00c9-4116-91ae-81fd6c5af1b5,Nestle Grocery Item 229,Grocery,Nestle,177.63
f1e4250b-b5ab-4768-a98e-52be2424a0f3,BIC Stationery Item 230,Stationery,BIC,372.06
dce48ad0-c83a-45f2-97e7-06fd19d936b0,Lego Toys Item 231,Toys,Lego,2295.59
c9175113-43ff-40f1-929c-9cb454596521,Mattel Toys Item 232,Toys,Mattel,994.3
21fbf5d4-c3b8-41da-bf4d-28136788a577,Jotun Home Item 233,Home,Jotun,1985.55
d90785a9-669b-4511-86d0-2ba719be758b,Mango Fashion Item 234,Fashion,Mango,1230.15
de307098-ff07-41b9-b62c-04863de3c8fe,Apple Electronics Item 235,Electronics,Apple,30000.0
013506be-dc8e-43ff-98f1-f86fc2d9078c,Faber-Castell Stationery Item 236,Stationery,Faber-Castell,800.0
bccf4566-3fe3-47f7-8beb-9ace4d27b24d,Coca-Cola Grocery Item 237,Grocery,Coca-Cola,278.66
a9557908-4305-419f-844f-13371d6e353b,PepsiCo Grocery Item 238,Grocery,PepsiCo,400.0
bb6c9238-cc93-4b45-a778-406236559130,Panasonic Appliances Item 239,Appliances,Panasonic,20000.0
b5c6d090-8347-4c3c-bab2-a6e4c794c675,Sharp Appliances Item 240,Appliances,Sharp,13076.41
77160900-b46f-4baa-a38e-f7fbef96f3a6,Penguin Books Item 241,Books,Penguin,641.8
1aa0b90a-d035-4a4c-8fff-38c9ea4e549d,Samsung Electronics Item 242,Electronics,Samsung,28391.43
0db12978-fb13-4cf0-a474-ae6db721b251,L'Oreal Beauty Item 243,Beauty,L'Oreal,1500.0
e53e14c4-8a25-414c-b2d3-6bc79a9ccc0b,HarperCollins Books Item 244,Books,HarperCollins,1200.0
4c1236e3-6886-48a7-9b49-62ea8ecd1681,Hasbro Toys Item 245,Toys,Hasbro,1047.57
370f25bc-4608-4a75-b2b9-ed09b454cc75,HomePro Home Item 246,Home,HomePro,5000.0
e33f7b20-0313-423a-bf3e-12c3cd226371,Kraft Heinz Grocery Item 247,Grocery,Kraft Heinz,258.95
d6cf2b7a-9dc4-4c49-a590-b804c1df972c,Mattel Toys Item 248,Toys,Mattel,884.28
0cca6ac1-0994-4e4e-9634-c33dac08b533,Pilot Stationery Item 249,Stationery,Pilot,420.98
f5696e9b-db93-4cd4-bfdd-1d3fac0a3bab,Mattel Toys Item 250,Toys,Mattel,1664.11
e93352e8-ac83-4e9b-a3fa-ecb15fdeeb8e,Pull&Bear Fashion Item 251,Fashion,Pull&Bear,2723.26
3c8e7383-52c6-4c7e-8aa1-68aa708b4b6a,Zara Fashion Item 252,Fashion,Zara,1443.31
79e569e9-938a-44e6-9ff6-eafc3cb2fdd7,Hasbro Toys Item 253,Toys,Hasbro,1484.76
099417cf-3255-4f2b-b40c-55c884da1164,Nestle Grocery Item 254,Grocery,Nestle,297.21
2654c07a-2cb1-4fdd-96b3-48b517c1df53,Lego Toys Item 255,Toys,Lego,1232.64
cd626367-6189-4889-8fc6-d4725f212392,Penguin Books Item 256,Books,Penguin,204.56
4a6c71e5-2da8-4685-b36b-a3b80f062ffc,Xiaomi Electronics Item 257,Electronics,Xiaomi,30000.0
850bd5f4-32e7-42d0-a752-da07c3fa40c7,Staedtler Stationery Item 258,Stationery,Staedtler,351.35
144f28c4-4933-4660-b815-9f1a1f078759,Bandai Toys Item 259,Toys,Bandai,1055.83
a9a486e2-e673-4be4-936c-eb88483b1315,Reebok Sports Item 260,Sports,Reebok,4402.8
2f946786-d525-4c4f-84f0-02a8b7dc5074,Coca-Cola Grocery Item 261,Grocery,Coca-Cola,74.38
005699a8-2558-4a7f-8bee-f445fc1f18e8,Faber-Castell Stationery Item 262,Stationery,Faber-Castell,211.94
770c344b-2cac-4b19-92b3-f296368a052d,Philips Appliances Item 263,Appliances,Philips,20000.0
65455c02-b071-4513-b2ac-941f74f4c828,L'Oreal Beauty Item 264,Beauty,L'Oreal,911.75
1153ada7-f4c2-4865-b2f3-bce6a2b96620,Nestle Grocery Item 265,Grocery,Nestle,257.61
6ab5fae3-b60a-43ad-995f-6cb3a2a2ddaa,Penguin Books Item 266,Books,Penguin,719.34
42df2568-e471-4292-9bd1-8586211251e7,OUP Books Item 267,Books,OUP,137.46
982e7525-4882-42bf-8a8e-f3f4ed5dd3c3,HarperCollins Books Item 268,Books,HarperCollins,580.08
fcfba480-9eae-42d6-84c5-b15fab5956cc,Coca-Cola Grocery Item 269,Grocery,Coca-Cola,120.2
55e75862-bd0b-40a5-94c2-a8695dc0c788,Puma Sports Item 270,Sports,Puma,3833.52
16782826-8d2a-4b2a-82e6-25e8b9823270,Zara Fashion Item 271,Fashion,Zara,2513.85
803a5782-5b08-4682-a777-1d7b3958aaa6,Garnier Beauty Item 272,Beauty,Garnier,375.92
ce554a92-39ef-4b25-9b60-ae47596f68d9,Faber-Castell Stationery Item 273,Stationery,Faber-Castell,375.16
3774b902-2c67-4a54-8566-cc67fa122fd3,Nike Sports Item 274,Sports,Nike,2315.94
3e98ac90-bdbb-499a-a45e-2491e4ffbb24,Coca-Cola Grocery Item 275,Grocery,Coca-Cola,284.06
b2e73cc0-c72c-44c1-ae7e-7d90b9c81056,Coca-Cola Grocery Item 276,Grocery,Coca-Cola,199.67
f56a175d-e73d-4798-bcbe-e22249d2463c,LG Appliances Item 277,Appliances,LG,7697.2
fee0fe69-1d57-44ae-9900-99c882ad7597,HomePro Home Item 278,Home,HomePro,2523.74
6ccc73bd-64c9-4fc9-b77c-791782f53996,Jotun Home Item 279,Home,Jotun,2906.68
a3ea756f-9efe-4be3-a80a-c492f540b03a,L'Oreal Beauty Item 280,Beauty,L'Oreal,378.16
18f9a30c-fef8-468b-98d4-389de951daa0,Faber-Castell Stationery Item 281,Stationery,Faber-Castell,150.33
5a876560-94c6-4cc1-9378-d2b170a604c3,Penguin Books Item 282,Books,Penguin,1200.0
fdb31782-c091-49f4-bdff-93606c05202e,Faber-Castell Stationery Item 283,Stationery,Faber-Castell,145.82
cc89ae87-a020-498d-8509-be940f18d946,KAP Books Item 284,Books,KAP,535.88
0d236127-6412-40f0-8aa6-9ac0256bf9d2,Hasbro Toys Item 285,Toys,Hasbro,3500.0
e16c9323-fa2e-4c26-917c-c31d51a1b051,Zara Fashion Item 286,Fashion,Zara,2052.45
cb850cfe-ebf2-40bc-a51d-143cfb7d7b0e,Nivea Beauty Item 287,Beauty,Nivea,477.84
465a6e9e-10d0-4935-82f6-06e45a18e803,Nestle Grocery Item 288,Grocery,Nestle,74.24
8d9c362d-4c03-4331-a648-7591da8f57b3,Mango Fashion Item 289,Fashion,Mango,1531.73
cee4c34f-bc5d-4796-bc79-670547884e19,Penguin Books Item 290,Books,Penguin,1025.84
87303875-0c7b-42ac-b082-63a6b18a8124,Xiaomi Electronics Item 291,Electronics,Xiaomi,26233.99
35feb439-7370-4256-9f92-701fc8fdb0c3,Maybelline Beauty Item 292,Beauty,Maybelline,1167.24
4111f411-f8ed-4026-bca9-10ea72a3405c,Kraft Heinz Grocery Item 293,Grocery,Kraft Heinz,179.07
5345f7bf-6802-4929-b96e-597d9ef433c1,Lego Toys Item 294,Toys,Lego,3500.0
1e9450d3-1591-4218-b04b-461e3792adf2,Penguin Books Item 295,Books,Penguin,518.9
9c836402-6427-4c34-9dd1-ee51ab1ec8ba,Xiaomi Electronics Item 296,Electronics,Xiaomi,9709.55
f8dbcd18-298f-4e26-a1b2-ae9f6958f1b2,Bandai Toys Item 297,Toys,Bandai,1124.03
0d46682c-ff71-49c7-b7c1-33f786867bb6,Lenovo Electronics Item 298,Electronics,Lenovo,8348.17
c664a28c-9019-4721-9cb2-08fd1b881e5c,H&M Fashion Item 299,Fashion,H&M,1291.26
d89522d1-0e94-4b08-ac14-56b9574615f6,HarperCollins Books Item 300,Books,HarperCollins,1200.0
41fed404-858a-46cf-a7b9-f4c93b4ec4a0,Pilot Stationery Item 301,Stationery,Pilot,800.0
8784a04e-687e-4aeb-8a27-33835c69f379,L'Oreal Beauty Item 302,Beauty,L'Oreal,1500.0
ae42ecaa-0af6-457e-a798-5b91fb510c4b,Lenovo Electronics Item 303,Electronics,Lenovo,21583.46
549fb7ec-dca1-4f8a-b066-10ebd40d94a6,KAP Books Item 304,Books,KAP,748.0
17cdf868-8953-4e6b-ba9e-4565fcb1b123,Apple Electronics Item 305,Electronics,Apple,8132.77
b08e57f5-05b1-488c-827a-d388210ea7c7,Maybelline Beauty Item 306,Beauty,Maybelline,577.75
01ed2d02-4ed2-4cd8-b291-2dfa9117d4e1,Zara Fashion Item 307,Fashion,Zara,4000.0
60a3e98f-eb89-40d5-bad8-a1cd23712c22,Nike Sports Item 308,Sports,Nike,3763.84
f522a9fb-3cc0-44de-8336-401a119714eb,Panasonic Appliances Item 309,Appliances,Panasonic,18028.12
672ad8e0-7846-447d-97a6-c139909626c5,Coca-Cola Grocery Item 310,Grocery,Coca-Cola,177.51
272ce613-3cb6-4622-a16f-3d3d2bd5c061,Panasonic Appliances Item 311,Appliances,Panasonic,10423.78
dac1d076-374c-4401-8c33-463511cbfc23,Apple Electronics Item 312,Electronics,Apple,21272.15
6dc4e5ce-4922-4919-88d8-3b70285acc6d,Kraft Heinz Grocery Item 313,Grocery,Kraft Heinz,101.77
db1801af-4f66-4794-ae5f-01a916af0fe8,BIC Stationery Item 314,Stationery,BIC,202.17
d970a058-a20e-4f33-880e-0439dca331f7,Reebok Sports Item 315,Sports,Reebok,1854.94
aa638afc-e8eb-4aa4-9f8e-fa4a7ebf7d5b,L'Oreal Beauty Item 316,Beauty,L'Oreal,921.45
7d39b50d-84f6-4d41-b574-4ce196b9bb27,IKEA Home Item 317,Home,IKEA,2527.72
41214121-355c-4c71-878b-bc9987cc09e1,Panasonic Appliances Item 318,Appliances,Panasonic,7525.33
f60bc828-1daf-43b7-82f1-3955adb7d8c6,KAP Books Item 319,Books,KAP,546.05
1434e944-e704-46d0-99ed-03f40ae4ea0a,Reebok Sports Item 320,Sports,Reebok,3931.85
18ad89e7-249b-472a-9af3-dc8ea943d96f,Nike Sports Item 321,Sports,Nike,2522.23
22bdecbb-3132-481a-a781-ae9226ce8d4f,Samsung Electronics Item 322,Electronics,Samsung,13504.88
1fb0c56a-a0ec-4f88-a0c8-18fafb78a3b1,Bandai Toys Item 323,Toys,Bandai,3500.0
7f0cbed3-4916-4772-ad7d-97f8e74960f2,Puma Sports Item 324,Sports,Puma,1891.35
cde8621a-4307-415d-b5fa-eb157d748eb2,HomePro Home Item 325,Home,HomePro,886.49
77fba053-762f-435c-bcd8-021270a1add3,EZLiving Home Item 326,Home,EZLiving,4355.56
1b3dc182-a807-4098-9854-e280622da294,Maybelline Beauty Item 327,Beauty,Maybelline,633.3
2755ce3b-cc5c-49ad-a95e-3da1cf2a7879,Adidas Sports Item 328,Sports,Adidas,1086.44
5a5cf5c6-5ef6-4c48-9e31-a41c181002c4,Huawei Electronics Item 329,Electronics,Huawei,12570.52
6d53e8a6-0b09-4b2c-b511-35c044365253,Samsung Electronics Item 330,Electronics,Samsung,30000.0
20282240-769e-4695-8585-5fa44ddec31d,Reebok Sports Item 331,Sports,Reebok,1622.25
44680860-0da3-41b6-a2dd-7a1ec2d28f61,Panasonic Appliances Item 332,Appliances,Panasonic,5031.87
ca0146b2-e787-4bf9-9eeb-63752d8402da,Kraft Heinz Grocery Item 333,Grocery,Kraft Heinz,176.39
8b71c15f-2aeb-43ba-9496-9cca629a5f76,Staedtler Stationery Item 334,Stationery,Staedtler,262.39
88acfb5b-77f8-4ad5-ac27-fe075ee3341e,HarperCollins Books Item 335,Books,HarperCollins,1200.0
d17c7d0c-61c3-41b6-a9b1-123739c7d004,Nike Sports Item 336,Sports,Nike,5009.94
ce462157-6a21-4bdf-9675-5161ad0c7ebb,Kraft Heinz Grocery Item 337,Grocery,Kraft Heinz,234.47
a9395809-60a2-4e94-9c2b-3d69498dfccb,Puma Sports Item 338,Sports,Puma,5081.91
ce894484-f44b-4791-be0d-5f215059fc58,Apple Electronics Item 339,Electronics,Apple,9559.09
183630e0-74bd-4143-8a8c-291220bcd6a2,Bandai Toys Item 340,Toys,Bandai,1336.65
46cd7e98-ae75-4179-9c68-466a5c5b7515,Reebok Sports Item 341,Sports,Reebok,2133.72
be14db06-489a-4750-bda9-4dd92922bc69,Maybelline Beauty Item 342,Beauty,Maybelline,540.95
02230686-0c72-4526-b728-cf5beadcae8f,Kraft Heinz Grocery Item 343,Grocery,Kraft Heinz,217.87
2f897925-3f0a-4a5a-b3b4-acc4df729945,Lego Toys Item 344,Toys,Lego,2888.56
ffd91a87-2bd5-4c1a-b006-ab26db7b67d4,Lenovo Electronics Item 345,Electronics,Lenovo,11808.92
3f03cb9a-699d-4eb8-bf69-194941e08104,Kraft Heinz Grocery Item 346,Grocery,Kraft Heinz,308.7
2304994e-707b-4473-95e8-7d9d20c1cc1d,LG Appliances Item 347,Appliances,LG,20000.0
a38b1eb5-07a6-4028-9f36-84126c865521,Reebok Sports Item 348,Sports,Reebok,3295.19
5c1d34ea-fdde-4135-aeee-f5d9ec37a053,Apple Electronics Item 349,Electronics,Apple,18252.19
9f32f3c5-c969-4bac-9cb6-aa52b857332f,Philips Appliances Item 350,Appliances,Philips,20000.0
3b5bd990-34ea-40a7-9d8c-786a5d4aa906,BIC Stationery Item 351,Stationery,BIC,273.2
80f80684-6d76-41e9-91b1-596c3e204375,Toshiba Appliances Item 352,Appliances,Toshiba,8211.16
22a9b8a4-2396-40ba-b679-857d04eef711,Reebok Sports Item 353,Sports,Reebok,2588.34
f147da63-c254-4235-83c7-91dbef3311bf,OUP Books Item 354,Books,OUP,1200.0
1f67df24-c38b-44a4-a742-905d83880c1c,LG Appliances Item 355,Appliances,LG,4100.52
e86becf4-0cfe-4d9d-8c8f-45d3c2bab62b,Toshiba Appliances Item 356,Appliances,Toshiba,13942.65
eb47fc82-79bc-471b-94b1-6596c16c93a2,Nivea Beauty Item 357,Beauty,Nivea,441.37
8ee117ee-8df5-46b6-9288-4f48784d681f,Toshiba Appliances Item 358,Appliances,Toshiba,3842.67
ddec3e55-65a4-4917-a046-021ae1f9bcc1,OUP Books Item 359,Books,OUP,668.96
11ca765f-1fd5-4bad-ac3c-013a1857d283,KAP Books Item 360,Books,KAP,1120.5
55d23d1c-7a09-493c-8af1-7278fd9048fc,Coca-Cola Grocery Item 361,Grocery,Coca-Cola,87.91
fab36f65-7bb3-4897-8931-73e9dd0d7131,Nike Sports Item 362,Sports,Nike,6000.0
a7883dc9-a846-43aa-a3ad-f73ba567a06b,Staedtler Stationery Item 363,Stationery,Staedtler,517.26
ec0b6e20-000a-4c95-8dd3-aaa343ab91f7,Adidas Sports Item 364,Sports,Adidas,4613.83
5173be1f-b737-4261-a0f2-c7e78dcbfeff,Maybelline Beauty Item 365,Beauty,Maybelline,1500.0
c50f89c0-f600-4965-9486-1e1440070901,Nivea Beauty Item 366,Beauty,Nivea,949.16
54f78a5a-d10c-4f6e-8fa2-e5bc0c656ac0,Pilot Stationery Item 367,Stationery,Pilot,397.34
27b20271-ca78-4136-a602-a91284a4ecf6,Jotun Home Item 368,Home,Jotun,1847.24
665a3e3c-5933-4f48-b239-dd8564bea8db,Zara Fashion Item 369,Fashion,Zara,598.42
37c42e0c-da96-4733-a73a-80e32ee57faa,Apple Electronics Item 370,Electronics,Apple,7645.52
b1f0c6bf-0b05-4b02-abb2-3d618cc4a5af,Jotun Home Item 371,Home,Jotun,2275.52
4c24696f-1120-4b88-8db9-3d69d74a8668,Penguin Books Item 372,Books,Penguin,665.31
1fd663cd-9b43-42b7-885e-ba15bc218fa9,PepsiCo Grocery Item 373,Grocery,PepsiCo,122.55
3ce64af5-76de-438d-bbab-4de018e8e951,Toshiba Appliances Item 374,Appliances,Toshiba,9843.87
a11afffe-d4c7-4700-9b9e-168ad126c206,Faber-Castell Stationery Item 375,Stationery,Faber-Castell,85.84
4549fb7a-131d-4518-8590-a44e125977fe,HarperCollins Books Item 376,Books,HarperCollins,298.21
6d04f610-ac85-4795-b310-63d4dadbd930,Adidas Sports Item 377,Sports,Adidas,6000.0
4474d4d4-7c5f-44ce-bc49-6da4e0ca56cc,Penguin Books Item 378,Books,Penguin,1200.0
d2bcc6c9-07ce-4d00-b154-4da7847185a6,Pull&Bear Fashion Item 379,Fashion,Pull&Bear,1838.0
263ab5ae-8bb3-458b-8052-194dafbc348f,Panasonic Appliances Item 380,Appliances,Panasonic,7311.43
8c6355b9-90b8-4d5a-b251-b3973614a43b,Toshiba Appliances Item 381,Appliances,Toshiba,16256.95
db0e35ca-3205-406e-9870-4633ce6eb192,Adidas Sports Item 382,Sports,Adidas,6000.0
691ab47e-57f8-40e6-b246-4c733020a7da,Nike Sports Item 383,Sports,Nike,6000.0
8598fce1-86d0-43f8-9bdb-9d040addf006,IKEA Home Item 384,Home,IKEA,2209.5
cd334977-f165-41b3-8391-5a1e097ce4b8,Lego Toys Item 385,Toys,Lego,1318.03
30829cf8-543e-4058-8392-a0ae4e69c5ec,BIC Stationery Item 386,Stationery,BIC,206.1
66523eed-090e-4970-8eb5-6c41422f052f,Samsung Electronics Item 387,Electronics,Samsung,5784.22
bbb5ff31-7072-4394-8e6d-a048adc6f240,Panasonic Appliances Item 388,Appliances,Panasonic,4867.79
83e7f837-1479-4684-aad5-cd722e95cc62,Coca-Cola Grocery Item 389,Grocery,Coca-Cola,347.82
232b2926-322e-4cb8-804f-287b8d707a02,HomePro Home Item 390,Home,HomePro,1838.91
5e022955-cbea-42f5-b18d-ccf0a2b49b84,Garnier Beauty Item 391,Beauty,Garnier,664.91
08b822a9-f585-495b-80c8-f8dc7871625f,Mattel Toys Item 392,Toys,Mattel,1624.98
687bf279-6f1d-49ef-bb12-fb7b78cd110e,PepsiCo Grocery Item 393,Grocery,PepsiCo,128.34
ee5cb067-c053-4a2c-a366-7c940533ee12,Adidas Sports Item 394,Sports,Adidas,2095.02
4cacefc1-d51f-41c6-8cef-cd5c87c9087e,KAP Books Item 395,Books,KAP,1146.39
aaea8634-b90c-4c71-90c5-4c60a59c43ec,Bandai Toys Item 396,Toys,Bandai,1251.74
f8d3945a-4719-4706-8011-ef357c0fbf6e,Jotun Home Item 397,Home,Jotun,1332.6
e8c24c82-7c43-4ad5-9594-0e8abf085745,IKEA Home Item 398,Home,IKEA,2458.58
4ff51410-34aa-4d7f-abdd-1aed3b8b50ec,Bandai Toys Item 399,Toys,Bandai,3500.0
77d55555-3542-470a-a5e7-566257a4118e,KAP Books Item 400,Books,KAP,279.81
bf7d6123-3d19-4641-b0a6-7ef0694b7bf8,Adidas Sports Item 401,Sports,Adidas,971.82
f1fd0f85-3ac5-44ce-a3e7-7d2f12743a8c,Pull&Bear Fashion Item 402,Fashion,Pull&Bear,1411.99
1f5197a1-5bf7-4b6f-9b1c-1ab861eecfca,Sony Electronics Item 403,Electronics,Sony,29201.09
2e5cb966-0066-49e0-a583-6b3000d3d5dc,Adidas Sports Item 404,Sports,Adidas,2843.97
e21411c0-c1af-4ba4-87fc-1a9906c18148,Xiaomi Electronics Item 405,Electronics,Xiaomi,11095.42
63b2579f-1720-4de5-bf69-ecd551046c35,Lego Toys Item 406,Toys,Lego,1417.65
c8648003-ce34-41ea-84c6-f77e087210d1,Xiaomi Electronics Item 407,Electronics,Xiaomi,30000.0
d7f99beb-3779-4bcf-936e-19dfe37c1948,Pilot Stationery Item 408,Stationery,Pilot,731.34
c8cf033d-dc61-465c-886b-695eb373e061,Xiaomi Electronics Item 409,Electronics,Xiaomi,14685.41
70c71095-d451-466c-b169-96ba8b9db209,EZLiving Home Item 410,Home,EZLiving,870.33
ad977bb7-a766-476b-9988-588e27e71f5d,Bandai Toys Item 411,Toys,Bandai,1593.72
c0609a66-d820-40e4-9896-c437284c41d4,Bandai Toys Item 412,Toys,Bandai,849.44
41e0fff8-69c8-410a-9f3f-e40c26270674,LG Appliances Item 413,Appliances,LG,3139.44
9fc019e9-c2e4-4082-a610-072ea6a84af4,OUP Books Item 414,Books,OUP,693.22
54cf6632-d083-4fab-8e24-3beafab37bd3,IKEA Home Item 415,Home,IKEA,5000.0
21933535-a367-493c-a7c2-1821b40cfd2b,OUP Books Item 416,Books,OUP,787.46
0efedc20-7596-4ccd-9c04-e31bd8e8c318,Jotun Home Item 417,Home,Jotun,1529.44
131756bd-839b-4990-95ce-251118fad43b,Nestle Grocery Item 418,Grocery,Nestle,49.84
897b5925-d927-4771-a87f-f3212966b8d4,Staedtler Stationery Item 419,Stationery,Staedtler,476.85
7daed84b-ef27-4769-b732-8d0f2def8744,HarperCollins Books Item 420,Books,HarperCollins,634.01
b8ab6116-b288-45fa-b9c6-3675b2ea695d,Panasonic Appliances Item 421,Appliances,Panasonic,7219.53
c251e318-75aa-4e57-b2d9-30ac7a170420,Maybelline Beauty Item 422,Beauty,Maybelline,682.34
207d5da4-a4cf-406f-ab1c-01e5319b9736,Penguin Books Item 423,Books,Penguin,917.04
9ca381fb-3cef-4a7b-ab2c-a8e2d6498837,Reebok Sports Item 424,Sports,Reebok,2660.63
7724492a-1b10-4a0e-a614-4a2334d5d7eb,H&M Fashion Item 425,Fashion,H&M,2019.84
cee9a130-38da-4e2e-860b-58d1cbcd49ba,Coca-Cola Grocery Item 426,Grocery,Coca-Cola,173.76
fd42dcdb-dba7-4c31-be68-b310d03d5930,HarperCollins Books Item 427,Books,HarperCollins,418.02
9985ba1f-6529-4e53-a460-722d56da3388,Adidas Sports Item 428,Sports,Adidas,4971.83
6ce1536b-7268-4765-a4dc-1238c240e07f,Puma Sports Item 429,Sports,Puma,2935.91
6cacf37e-6641-4b0a-9bfc-a68757639e48,Maybelline Beauty Item 430,Beauty,Maybelline,666.56
a3ae8483-26c6-42c0-b671-e5bf43ee0673,Mango Fashion Item 431,Fashion,Mango,1602.04
62a9cf96-f709-4d6d-a435-a12c71d53c95,Adidas Sports Item 432,Sports,Adidas,2513.72
6bf5942b-b133-4fb8-acaf-f4637138f84e,Puma Sports Item 433,Sports,Puma,3361.1
d4ff3c02-25c8-42ec-b374-794191e40829,L'Oreal Beauty Item 434,Beauty,L'Oreal,247.42
afbf797e-07b6-4a56-a558-cb3ae688a7e8,H&M Fashion Item 435,Fashion,H&M,1342.34
94277efc-022d-4da1-9c48-4a9a46f9f127,L'Oreal Beauty Item 436,Beauty,L'Oreal,334.63
6f756b13-55ef-4d2f-a527-ac6d3ff5cae6,H&M Fashion Item 437,Fashion,H&M,1637.88
a306885e-20bc-4625-81e0-4c101259b2e1,Huawei Electronics Item 438,Electronics,Huawei,11554.74
8f16ca49-87de-41d8-bf53-e45d8e4eb777,L'Oreal Beauty Item 439,Beauty,L'Oreal,767.19
e2f46284-80cf-4d08-981b-fc4f32a7066a,Staedtler Stationery Item 440,Stationery,Staedtler,194.19
4cd77d15-8d3e-4fe6-b6b7-beaf152a2620,Hasbro Toys Item 441,Toys,Hasbro,1201.38
7cc72749-ab4d-4a54-847f-554771b6dfa6,Coca-Cola Grocery Item 442,Grocery,Coca-Cola,212.29
85c0f88d-dc64-4e9f-8f11-cf4f7344b265,Zara Fashion Item 443,Fashion,Zara,1556.38
16992c8c-3a3d-4588-b0a2-b9e47b6b9ea2,Garnier Beauty Item 444,Beauty,Garnier,533.78
19275583-8f73-4022-89fe-231dcab29675,Pilot Stationery Item 445,Stationery,Pilot,491.28
6b5876e9-bf65-4a5c-b708-5e9b6cc8ac7c,Reebok Sports Item 446,Sports,Reebok,3391.98
70c64ae4-7ec4-4cb2-9d94-9fc837bfce38,Coca-Cola Grocery Item 447,Grocery,Coca-Cola,400.0
1889022a-7195-4023-a4e6-7d6d107ff41d,Apple Electronics Item 448,Electronics,Apple,23218.81
6f0e42e0-4640-411d-a8db-23d1e020306a,KAP Books Item 449,Books,KAP,407.36
325cd11a-936c-464d-9609-4ee6c3174c69,Pull&Bear Fashion Item 450,Fashion,Pull&Bear,4000.0
e8f78d00-733e-4702-b7f7-614036b0404f,Mango Fashion Item 451,Fashion,Mango,3751.92
ea4a9287-ed62-4b4d-9745-c5a00740f701,IKEA Home Item 452,Home,IKEA,2543.78
a0cabb5b-7c94-40d3-889c-fda20114a921,LG Appliances Item 453,Appliances,LG,20000.0
ed815164-4b7f-4831-ae71-1802f2863ecc,Nivea Beauty Item 454,Beauty,Nivea,972.08
813e966c-4937-4446-80b4-f481000dc849,Garnier Beauty Item 455,Beauty,Garnier,643.35
8f9d00e1-d79a-4aff-bb3f-5cbdc8d1357e,OUP Books Item 456,Books,OUP,859.02
d2e9dd2e-0b8d-4bf9-97ce-0b880fd62bc9,OUP Books Item 457,Books,OUP,952.69
2ff90109-5b32-4433-b64f-0595245ddd34,Faber-Castell Stationery Item 458,Stationery,Faber-Castell,208.47
c542088d-687a-41e7-858a-ae4a13d4bd4e,Garnier Beauty Item 459,Beauty,Garnier,551.49
eaa5091b-06d4-4900-881d-ac1b48df3954,Nike Sports Item 460,Sports,Nike,1494.49
99e1d7a4-4927-4478-add8-20a25457572b,Maybelline Beauty Item 461,Beauty,Maybelline,648.99
8e49a66c-38dc-4b18-b339-24a7a45dba88,Samsung Electronics Item 462,Electronics,Samsung,8420.79
b108a8d2-8f96-4975-8566-b90924c0bb90,Hasbro Toys Item 463,Toys,Hasbro,864.41
bbb5495d-5a42-498e-8752-a217842e77e8,Nivea Beauty Item 464,Beauty,Nivea,474.18
dba84acb-d524-4c24-ab89-032a8770dd17,Coca-Cola Grocery Item 465,Grocery,Coca-Cola,199.24
f5809cc4-2246-49d0-a59e-d686b7d1d4b0,Pilot Stationery Item 466,Stationery,Pilot,504.67
f78fb322-4c27-42b6-a050-609db448b14f,Maybelline Beauty Item 467,Beauty,Maybelline,622.08
685aad5b-50ae-4980-bc3a-f38a6aa2dc58,HarperCollins Books Item 468,Books,HarperCollins,1200.0
c2f83dcb-7478-4038-9399-8680ef4c3a9b,BIC Stationery Item 469,Stationery,BIC,243.59
e84eeeca-3e6f-49d1-bd52-7caac77c73e7,Garnier Beauty Item 470,Beauty,Garnier,334.44
abf94396-cd23-43f1-b781-7408bc43736b,Pilot Stationery Item 471,Stationery,Pilot,366.37
e10515bd-5dfe-4db4-9bff-91c981633a79,Panasonic Appliances Item 472,Appliances,Panasonic,8774.44
56e94ee4-206d-414d-b239-f5255aca1e57,Faber-Castell Stationery Item 473,Stationery,Faber-Castell,335.37
02be96f1-fc1e-429a-8b36-a8f74d2c6879,Pilot Stationery Item 474,Stationery,Pilot,535.85
198def1b-2057-4515-b8f0-c5d2f1a8f837,H&M Fashion Item 475,Fashion,H&M,4000.0
59349d4c-9bf8-471a-aa52-f9b62608fc2a,KAP Books Item 476,Books,KAP,538.87
12eb7520-f348-410a-a829-9121276c6abe,Penguin Books Item 477,Books,Penguin,257.27
dbcf4e51-58ec-4ad4-9d21-90f53ea5ded0,HomePro Home Item 478,Home,HomePro,1126.83
ea2e8629-7b25-4e4f-a088-fa708b216703,Puma Sports Item 479,Sports,Puma,2613.61
81f04e00-6dfa-4e0f-80a6-f7877680b0a8,Pull&Bear Fashion Item 480,Fashion,Pull&Bear,2700.44
39b5cf25-ddf4-4f64-8bdb-4357aa4010ff,Huawei Electronics Item 481,Electronics,Huawei,10157.47
c2e46e51-ced8-4f8b-951e-5a0215ea372a,Staedtler Stationery Item 482,Stationery,Staedtler,202.89
786757d9-a09a-4a2c-9a32-422192a7358e,Mattel Toys Item 483,Toys,Mattel,2928.54
8ef61846-2a3f-4efd-9ff2-2ce4877ffc97,L'Oreal Beauty Item 484,Beauty,L'Oreal,681.41
a5cf828d-669c-473e-b153-c9f79e589a4d,Maybelline Beauty Item 485,Beauty,Maybelline,181.71
0a74e24b-d124-4811-9e08-a4f507a701fa,Puma Sports Item 486,Sports,Puma,3639.72
7f6a91d9-137f-456a-aa2d-bc662b21cc77,Pull&Bear Fashion Item 487,Fashion,Pull&Bear,4000.0
5b4dfec7-cd03-4d79-90d4-230b0fbed0c4,Mango Fashion Item 488,Fashion,Mango,2350.47
e6f8fc32-4e48-4239-914f-d27bce35666f,Nivea Beauty Item 489,Beauty,Nivea,611.56
69196137-4cd3-4d16-8bff-d03fe4eacb2a,Pilot Stationery Item 490,Stationery,Pilot,454.93
5f144f12-1452-45b7-829e-c9c454840411,Jotun Home Item 491,Home,Jotun,1881.87
7dec6171-f6e6-40f9-88f0-92a1c1d34e67,LG Appliances Item 492,Appliances,LG,4329.8
84757bd2-ca0b-4c0d-846b-64b2f0982e0c,Jotun Home Item 493,Home,Jotun,3223.84
a0b95e63-73c7-454a-aed8-a13cb3652aaf,Garnier Beauty Item 494,Beauty,Garnier,1111.02
aab57374-d1a7-4f55-9e78-acd32aaac9e7,Jotun Home Item 495,Home,Jotun,2200.01
c92e289e-fce7-4c0d-b6d9-b03a883bf14f,Coca-Cola Grocery Item 496,Grocery,Coca-Cola,400.0
82bb7a33-d940-4746-b2e6-37fc4867ca75,Reebok Sports Item 497,Sports,Reebok,6000.0
e88c2985-5af9-428e-be3b-cabe504cb1d1,Kraft Heinz Grocery Item 498,Grocery,Kraft Heinz,391.53
dde8e9c7-7f28-4993-9971-32878f19fe1c,Staedtler Stationery Item 499,Stationery,Staedtler,800.0
650ef554-9d6f-4b78-b160-f339fbbf9358,EZLiving Home Item 500,Home,EZLiving,3495.88
